{
	"schemaVersion": 1,
	"id": "block-polymorph",
	"version": "${version}",
	"name": "Block Polymorph",
	"description": "This is an example description! Tell everyone what your mod is about!",
	"authors": [
		"Me!"
	],
	"contact": {
		"homepage": "https://fabricmc.net/",
		"sources": "https://github.com/FabricMC/fabric-example-mod"
	},
	"license": "CC0-1.0",
	"icon": "assets/block-polymorph/icon.png",
	"environment": "*",
	"entrypoints": {
		"main": [
			"spad4.polymorph.BlockPolymorph"
		],
		"client": [
			"spad4.polymorph.BlockPolymorphClient"
		],
		"fabric-datagen": [
			"spad4.polymorph.BlockPolymorphDataGenerator"
		]
	},
	"mixins": [
		"block-polymorph.mixins.json",
		{
			"config": "block-polymorph.client.mixins.json",
			"environment": "client"
		}
	],
	"depends": {
		"fabricloader": ">=0.16.14",
		"minecraft": "~1.20.1",
		"java": ">=17",
		"fabric-api": "*"
	},
	"suggests": {
		"another-mod": "*"
	}
}